Banking,Games Available,Providers,Welcome bonus (headline),VIP & High Roller,Mobile App,Customer Service,License,Review link,Rank,Logo URL,Name,Rating,Payment methods (icons),Claim Now (button),Affiliate URL,Bonus Information
"Visa, Mastercard, Skrill, Neteller, Bitcoin, MiFinity, Jeton, Paysafecard, Bank transfer","Slots, live casino, blackjack, roulette, craps, baccarat, progressive jackpots","NetEnt, Microgaming, Play'n GO, Evolution, Pragmatic Play, Thunderkick, Yggdrasil, +90 more",100% up to $500 + 200 Free Spins,Available,"Available for Mac / PC, Android, iPhone, iPad, Tablet","Faqs, live chat, email",Anjouan Gaming Authority,https://theexclusiveoffers.vip/wp-content/uploads/2025/12/Caspero_mini_icon.webp,1,https://theexclusiveoffers.vip/wp-content/uploads/2025/12/Caspero_mini_icon.webp,Caspero,4.9,"Visa, Mastercard, Skrill, Neteller, Bitcoin, MiFinity, Jeton, Paysafecard, Bank transfer",Play now,https://theexclusiveoffers.vip/#,Min Dep: $10 (Bonus $20)Withdrawal: 24hLicense: Anjouan Gaming Authority
"Visa, Mastercard, Skrill, Neteller, Bitcoin","Slots, live casino, blackjack, roulette, craps, baccarat, progressive jackpots","NetEnt, Microgaming, Play'n GO, Evolution","100% up to $1,500 + 200 Free Spins",Available,"Available for Mac / PC, Android, iPhone, iPad, Tablet","Faqs, live chat, email",Malta Gaming Authority,https://theexclusiveoffers.vip/wp-content/uploads/2025/12/SkPUMwnWbIpufmpCd2rxvsT7QfUzPfBEboP_oR3X50re.avif,2,https://theexclusiveoffers.vip/wp-content/uploads/2025/12/SkPUMwnWbIpufmpCd2rxvsT7QfUzPfBEboP_oR3X50re.avif,Kingmaker,4.5,"Visa, Mastercard, Skrill, Neteller, Bitcoin",Play now,https://theexclusiveoffers.vip/#,Min Dep: $20 (Bonus $20)Withdrawal: 24hLicense: Malta Gaming Authority
"Visa, Mastercard, Skrill, Neteller, Bitcoin","Slots, live casino, blackjack, roulette, craps, baccarat, progressive jackpots","NetEnt, Microgaming, Play'n GO, Evolution","100% up to $1,500 + 200 Free Spins",Available,"Available for Mac / PC, Android, iPhone, iPad, Tablet","Faqs, live chat, email",Malta Gaming Authority,https://theexclusiveoffers.vip/wp-content/uploads/2025/12/5Jqd7aDA16qAem0uqrV2lSnLO908zU9TNpmz4_uoSeYA.avif,3,https://theexclusiveoffers.vip/wp-content/uploads/2025/12/5Jqd7aDA16qAem0uqrV2lSnLO908zU9TNpmz4_uoSeYA.avif,Kingmaker,4.5,"Visa, Mastercard, Skrill, Neteller, Bitcoin",Play now,https://theexclusiveoffers.vip/#,Min Dep: $20 (Bonus $20)Withdrawal: 24hLicense: Malta Gaming Authority
"Visa, Mastercard, Skrill, Neteller, Bitcoin","Slots, live casino, blackjack, roulette, craps, baccarat, progressive jackpots","NetEnt, Microgaming, Play'n GO, Evolution","100% up to $1,500 + 200 Free Spins",Available,"Available for Mac / PC, Android, iPhone, iPad, Tablet","Faqs, live chat, email",Malta Gaming Authority,https://theexclusiveoffers.vip/wp-content/uploads/2025/12/OL1dVhkkYoyvZ9o1ZX5dh4gDXqQpBjssYidxD29Dgs5H.avif,4,https://theexclusiveoffers.vip/wp-content/uploads/2025/12/OL1dVhkkYoyvZ9o1ZX5dh4gDXqQpBjssYidxD29Dgs5H.avif,Kingmaker,4.5,"Visa, Mastercard, Skrill, Neteller, Bitcoin",Play now,https://theexclusiveoffers.vip/#,Min Dep: $20 (Bonus $20)Withdrawal: 24hLicense: Malta Gaming Authority
"Visa, Mastercard, Skrill, Neteller, Bitcoin","Slots, live casino, blackjack, roulette, craps, baccarat, progressive jackpots","NetEnt, Microgaming, Play'n GO, Evolution","100% up to $1,500 + 200 Free Spins",Available,"Available for Mac / PC, Android, iPhone, iPad, Tablet","Faqs, live chat, email",Malta Gaming Authority,https://theexclusiveoffers.vip/wp-content/uploads/2025/12/1TNgXm1umLMq6ZO00jsshhbl8LPVYGvdkr_cUsxo3ABA.avif,5,https://theexclusiveoffers.vip/wp-content/uploads/2025/12/1TNgXm1umLMq6ZO00jsshhbl8LPVYGvdkr_cUsxo3ABA.avif,Kingmaker,4.5,"Visa, Mastercard, Skrill, Neteller, Bitcoin",Play now,https://theexclusiveoffers.vip/#,Min Dep: $20 (Bonus $20)Withdrawal: 24hLicense: Malta Gaming Authority
"Visa, Mastercard, Skrill, Neteller, Bitcoin","Slots, live casino, blackjack, roulette, craps, baccarat, progressive jackpots","NetEnt, Microgaming, Play'n GO, Evolution","100% up to $1,500 + 200 Free Spins",Available,"Available for Mac / PC, Android, iPhone, iPad, Tablet","Faqs, live chat, email",Malta Gaming Authority,https://theexclusiveoffers.vip/wp-content/uploads/2025/12/i2wNFu5SmgImKxHtELvJ8uKobuFPl-giJiQxGaWbEu_V.avif,6,https://theexclusiveoffers.vip/wp-content/uploads/2025/12/i2wNFu5SmgImKxHtELvJ8uKobuFPl-giJiQxGaWbEu_V.avif,Kingmaker,4.5,"Visa, Mastercard, Skrill, Neteller, Bitcoin",Play now,https://theexclusiveoffers.vip/#,Min Dep: $20 (Bonus $20)Withdrawal: 24hLicense: Malta Gaming Authority
"Visa, Mastercard, Skrill, Neteller, Bitcoin","Slots, live casino, blackjack, roulette, craps, baccarat, progressive jackpots","NetEnt, Microgaming, Play'n GO, Evolution","100% up to $1,500 + 200 Free Spins",Available,"Available for Mac / PC, Android, iPhone, iPad, Tablet","Faqs, live chat, email",Malta Gaming Authority,https://theexclusiveoffers.vip/wp-content/uploads/2025/12/eI8PPulcnIcC-Hos1SvTHFOjOyjM0bwqzI9CuyzN4E_f.avif,7,https://theexclusiveoffers.vip/wp-content/uploads/2025/12/eI8PPulcnIcC-Hos1SvTHFOjOyjM0bwqzI9CuyzN4E_f.avif,Kingmaker,4.5,"Visa, Mastercard, Skrill, Neteller, Bitcoin",Play now,https://theexclusiveoffers.vip/#,Min Dep: $20 (Bonus $20)Withdrawal: 24hLicense: Malta Gaming Authority
"Visa, Mastercard, Skrill, Neteller, Bitcoin","Slots, live casino, blackjack, roulette, craps, baccarat, progressive jackpots","NetEnt, Microgaming, Play'n GO, Evolution","100% up to $1,500 + 200 Free Spins",Available,"Available for Mac / PC, Android, iPhone, iPad, Tablet","Faqs, live chat, email",Malta Gaming Authority,https://theexclusiveoffers.vip/wp-content/uploads/2025/12/AhpHBGK558yQBjwEQoT31Baubx2Mj1NczKFKGrC5G1DT.avif,8,https://theexclusiveoffers.vip/wp-content/uploads/2025/12/AhpHBGK558yQBjwEQoT31Baubx2Mj1NczKFKGrC5G1DT.avif,Kingmaker,4.5,"Visa, Mastercard, Skrill, Neteller, Bitcoin",Play now,https://theexclusiveoffers.vip/#,Min Dep: $20 (Bonus $20)Withdrawal: 24hLicense: Malta Gaming Authority
"Visa, Mastercard, Skrill, Neteller, Bitcoin","Slots, live casino, blackjack, roulette, craps, baccarat, progressive jackpots","NetEnt, Microgaming, Play'n GO, Evolution","100% up to $1,500 + 200 Free Spins",Available,"Available for Mac / PC, Android, iPhone, iPad, Tablet","Faqs, live chat, email",Malta Gaming Authority,https://theexclusiveoffers.vip/wp-content/uploads/2025/12/76j7FXdz6kj8mcNV_aF7MWNVgPC_4BTrK0H3D8WAxlEl.avif,9,https://theexclusiveoffers.vip/wp-content/uploads/2025/12/76j7FXdz6kj8mcNV_aF7MWNVgPC_4BTrK0H3D8WAxlEl.avif,Kingmaker,4.5,"Visa, Mastercard, Skrill, Neteller, Bitcoin",Play now,https://theexclusiveoffers.vip/#,Min Dep: $20 (Bonus $20)Withdrawal: 24hLicense: Malta Gaming Authority
"Visa, Mastercard, Skrill, Neteller, Bitcoin","Slots, live casino, blackjack, roulette, craps, baccarat, progressive jackpots","NetEnt, Microgaming, Play'n GO, Evolution","100% up to $1,500 + 200 Free Spins",Available,"Available for Mac / PC, Android, iPhone, iPad, Tablet","Faqs, live chat, email",Malta Gaming Authority,https://theexclusiveoffers.vip/wp-content/uploads/2025/12/9iOBlOY93z38Kq1IeIYzWvWB_va6g1xnX9y0ByFNuzL8.avif,10,https://theexclusiveoffers.vip/wp-content/uploads/2025/12/9iOBlOY93z38Kq1IeIYzWvWB_va6g1xnX9y0ByFNuzL8.avif,Kingmaker,4.5,"Visa, Mastercard, Skrill, Neteller, Bitcoin",Play now,https://theexclusiveoffers.vip/#,Min Dep: $20 (Bonus $20)Withdrawal: 24hLicense: Malta Gaming Authority
"Visa, Mastercard, Skrill, Neteller, Bitcoin","Slots, live casino, blackjack, roulette, craps, baccarat, progressive jackpots","NetEnt, Microgaming, Play'n GO, Evolution","100% up to $1,500 + 200 Free Spins",Available,"Available for Mac / PC, Android, iPhone, iPad, Tablet","Faqs, live chat, email",Malta Gaming Authority,https://theexclusiveoffers.vip/wp-content/uploads/2025/12/LlnmN_OzzRAUBgZqs6rvKvsBvQsAGkbS5GXoSdFHoDtd.avif,11,https://theexclusiveoffers.vip/wp-content/uploads/2025/12/LlnmN_OzzRAUBgZqs6rvKvsBvQsAGkbS5GXoSdFHoDtd.avif,Kingmaker,4.5,"Visa, Mastercard, Skrill, Neteller, Bitcoin",Play now,https://theexclusiveoffers.vip/#,Min Dep: $20 (Bonus $20)Withdrawal: 24hLicense: Malta Gaming Authority
"Visa, Mastercard, Skrill, Neteller, Bitcoin","Slots, live casino, blackjack, roulette, craps, baccarat, progressive jackpots","NetEnt, Microgaming, Play'n GO, Evolution","100% up to $1,500 + 200 Free Spins",Available,"Available for Mac / PC, Android, iPhone, iPad, Tablet","Faqs, live chat, email",Malta Gaming Authority,https://theexclusiveoffers.vip/wp-content/uploads/2025/12/FYTL5fJbz500PCUMYf9obwcNOHcDrNk9HfSsJv9JA4IH.avif,12,https://theexclusiveoffers.vip/wp-content/uploads/2025/12/FYTL5fJbz500PCUMYf9obwcNOHcDrNk9HfSsJv9JA4IH.avif,Kingmaker,4.5,"Visa, Mastercard, Skrill, Neteller, Bitcoin",Play now,https://theexclusiveoffers.vip/#,Min Dep: $20 (Bonus $20)Withdrawal: 24hLicense: Malta Gaming Authority
"Visa, Mastercard, Skrill, Neteller, Bitcoin","Slots, live casino, blackjack, roulette, craps, baccarat, progressive jackpots","NetEnt, Microgaming, Play'n GO, Evolution","100% up to $1,500 + 200 Free Spins",Available,"Available for Mac / PC, Android, iPhone, iPad, Tablet","Faqs, live chat, email",Malta Gaming Authority,https://theexclusiveoffers.vip/wp-content/uploads/2025/12/S1czhTmUmWK1TlS64fhxdiNScSOkwUc6d9iGxDmv4xKh.avif,13,https://theexclusiveoffers.vip/wp-content/uploads/2025/12/S1czhTmUmWK1TlS64fhxdiNScSOkwUc6d9iGxDmv4xKh.avif,Kingmaker,4.5,"Visa, Mastercard, Skrill, Neteller, Bitcoin",Play now,https://theexclusiveoffers.vip/#,Min Dep: $20 (Bonus $20)Withdrawal: 24hLicense: Malta Gaming Authority