Test,Type,Correct,Total Marks
Bike Controls: 1,Vehicle Controls,8,8
Bike Controls: 2,Vehicle Controls,7,8
Bike Controls: 3,Vehicle Controls,8,8
Bike Controls: 4,Vehicle Controls,8,8
Bike Controls: 5,Vehicle Controls,7,8
Car Controls: 1,Vehicle Controls,8,8
Car Controls: 2,Vehicle Controls,7,8
Car Controls: 3,Vehicle Controls,7,8
Car Controls: 4,Vehicle Controls,8,8
Car Controls: 5,Vehicle Controls,8,8
Car Controls: 6,Vehicle Controls,8,8
Car Controls: 7,Vehicle Controls,8,8
Road Rules: 1,Road Rules,,30
Road Rules: 2,Road Rules,,30
Road Rules: 3,Road Rules,,30
Road Rules: 4,Road Rules,,30
Road Rules: 5,Road Rules,,30
Road Rules: 6,Road Rules,,30
Road Rules: 7,Road Rules,,30
Road Rules: 8,Road Rules,,30
Road Rules: 9,Road Rules,,30
Road Rules: 10,Road Rules,,30
Road Rules: 11,Road Rules,,30
Road Rules: 12,Road Rules,,30
Road Rules: 13,Road Rules,,30
Road Rules: 14,Road Rules,,30
Road Rules: 15,Road Rules,,30
Road Rules: 16,Road Rules,,30
Road Signs: 1,Road Signs,27,30
Road Signs: 2,Road Signs,28,30
Road Signs: 3,Road Signs,24,30
Road Signs: 4,Road Signs,19,30
Road Signs: 5,Road Signs,28,30
Road Signs: 6,Road Signs,29,30
Road Signs: 7,Road Signs,,30
Road Signs: 8,Road Signs,,30
Road Signs: 9,Road Signs,,30
Road Signs: 10,Road Signs,,30
Road Signs: 11,Road Signs,,30
Road Signs: 12,Road Signs,,30
Road Signs: 13,Road Signs,,30
Road Signs: 14,Road Signs,,30
Road Signs: 15,Road Signs,,30
Road Signs: 16,Road Signs,,30